language;basic;startcon;endcon;selfstartcon;selfendcon;selftranslate
linibar;to need;;;;;
linib;need;w;;w;;
liser;able to;;;;;
lis;can;w;w;;;
lis'yc;could;w;w;;;
loras;substance;;;w;;
maan;original;;;w;;
majyce;addendum;;;;;1
manda;collective soul;;;w;;
manda;heaven;;;w;;
Mand'alor;our sole ruler;;;;;1
Manda'yaim;mandalore;;;;;1
Mando;mandalorian;;;;;1
Mando'ad draar digu;a mandalorian never forgets;;;;;1
Mando'ade;mandalorians;;;;;1
Mando'ade;sons of mandalore;;;;;1
Mando'ade;daughters of mandalore;;;;;1
Mando'ade;children of mandalore;;;;;1
adike;kids;;;;;1
mandokar;right stuff;;;;;1
Mar'e;at last;ss;ss;;;1
mar'eyce;discovery;;;;;1
mar'eyir;to find;;;;;1
mar'ey;find;w;;;;1
mar'eyc;found;w;;;;1
mar'eyir;to discover;;;;;1
mar'ey;discover;;;;;1
Me'bana;what's happening;;;;;1
Me'bana;what is happening;;;;;1
Me'bana;what happened;;;;;1
Me'bana;what has happened;;;;;1
Me'copaani;can i help you;;;;;1
Me'copaani;what do you want;;;;;1
Me'copaani;what would you like;;;;;1
Me'copaani;what do you need;;;;;1
Me'copaani;whaddaya want;;;;;1
Me'copaani;whaddaya need;;;;;1
me'dinuir;to share;;;;;1
me'dinu;share;;;;;1
me'dinu;shar;w;;;;1
meg;which;;;w;w;
megin;megin;w;w;;;
meshgeroya;meshgeroya;;;;;
meshurkaan;jeweler;;;;;1
meshurkaan;gem cutter;;;;;1
Me'vaar ti gar;how are you;;;;;1
Me'vaar ti gar;what's new with you;;;;;1
Me'vaar ti gar;what is new with you;;;;;1
Me'vaar;what's new;;;;;1
Me'vaar;what is new;;;;;1
Me'vaar;what is up;;;;;1
Me'vaar;what's up;;;;;1
me'ven;huh;ss;ss;;;1
me'ven;what;ss;ss;;;1
Mhor;mhor;;;;;
mircir;to cage;;;w;;
mircir;to lock up;;;w;;
mircir;to capture;;;w;;
mirc;cage;w;;w;;
mirc;cag;w;;w;;
mirc;lock up;;;w;;
mirc'yc;locked up;;;w;;
mirc'la;locking up;;;w;;
mirc;capture;;;w;;
mirc;captur;;;w;;
mirdala;clever;;;;;1
mirdala;intelligent;;;;;1
mirdala;intellectual;;;;;1
mirdir;to think;;;;;1
mirdir;to calculate;;;;;1
mird;calculate;;;w;w;
mird;calculat;;;w;w;
mird;think;;;w;w;
mird'yc;thought;;;;;1
mirgaanla;deliberate;;;;;1
mirjahaal;healing;;;;;1
mirjahaal;peace of mind;;;;;1
mirshe;brain;;;;;1
mirshepar'la;brain devouring;;;;;1
mirshepar'la;boring;;;;;1
mirshir;to shock;;;;;1
mirshir;to stun;;;;;1
mirsh;shock;;;;;1
mirsh;stun;;;;;1
mirsh;stunn;;;;;1
mirsh'kyramud;boring person;;;;;1
mirshmure'cya;brain-kiss;;;;;1
morut;haven;;;w;w;
morutar;to welcome;;;;;
morut;welcome;;;w;w;
morut;welcom;;;w;w;
morut'yc;safe;;;;;1
morut'yc;secure;;;;;1
Munit tome'tayl skotah iisa;long memory short fuse;;;;;1
Munit tome'tayl skotah iisa;long memory, short fuse;;;;;1
murcyur;to kiss;;;;;1
murcy;kiss;;;;;1
muun'bajir;to trounce;;;;;1
muun'baj;trounce;;;;;1
muun'baj;trounc;;;;;1
naasad;none;;;;;1
naasad;not any;;;;;1
nakar'tuur;tomorrow;;;;;1
nakar'tuur;the unknown day;;;;;1
Nar dralshy'a;try harder;;;;;1
Nar dralshy'a;put your back into it;;;;;1
nari;move;;;w;w;
nari;action;;;w;w;
narir;to act;;w;w;w;
nar;act;w;;w;w;
nar;to do;w;w;w;w;
nar;do;w;w;w;w;
nare;does;w;w;w;w;
nar'la;doing;w;w;w;w;
nar'yc;did;w;w;w;w;
naritir;to put;w;w;;;1
naritir;to insert;w;w;;;1
naritir;to place;w;w;;;1
narit;put;w;;;;1
narit;putt;w;;;;1
naritir;insert;w;w;;;1
narit;place;w;w;;;1
narit;plac;w;w;;;1
Nar'sheb;shove it;;;;;1
Nar'sheb;fuck you;ss;ss;;;1
narudar;enemy's enemy;;;;;1
nasreyc;determined;;;;;1
nasreyc;resolute;;;;;1
nau'ur;to illuminate;;;;;1
nau;illuminate;;;w;w;
nau'e;illuminates;;;w;w;
nau;illuminat;;;w;w;
nayc;no;w;;w;;
naysol;too many;;;;;1
Ne shab'rud'ni;don't mess with me;;;;;1
neduumyc;illegal;;;;;1
neduumyc;unauthorised;;;;;1
neduumyc;unauthorized;;;;;1
nehutyc;feisty;;;;;1
nehutyc;gutsy;;;;;1
Ne'johaa;shut up;;;;;1
N'epar nu pirur;i won't eat or drink anything;;;;;1
N'epar nu pirur;it can wait;;;;;1
N'epar nu pirur;no rush;ss;ss;;;1
N'eparavu takisit;i eat my insult;;;;;1
N'eparavu takisit;i'm sorry;;;;;1
N'eparavu takisit;i am sorry;;;;;1
N'eparavu takisit;apologies;;;;;1
N'eparavu takisit;sorry;;;;;1
ner';my;w;ap;w;w;
ner;my;w;;w;w;
ner;mine;w;w;w;w;
ne'tra gal;black ale;;;;;1
mesh'la;looks good;;;;;1
jat'isyc;tastes good;;;;;1
jahaal'got;does you good;;;;;1
ne'waadas;poverty;;;;;1
ni;me;w;w;w;w;1
ni;i am;w;w;w;w;1
Ni ceta;i kneel;;;;;1
ni dinu;i give;;;;;1
Ni kyr'tayl gai sa'ad;I know your name as my child;;;;;1
Ni su'cuyi;I'm still alive;;;;;1
Ni su'cuyi;I am still alive;;;;;1
gar kyr'adyc;but you are dead;;;;;1
ni partayli;I remember you;;;;;1
gar darasuum;so you are eternal;;;;;1
nibral;loser;;;;;1
nibral;failure;;;;;1
Ni'duraa;you disgust me;;;;;
Nu draar;Not ever;;;;;1
Nu;not;;;;;
draar;ever;;;;;
Nu kyr'adyc;not gone;;;;;1
shi taab'echaaj'la;merely marching far away;;;;;1
nuhaatyc;unseen;;;;;1
nuh'la;funny;;;;;1
nuhunla;amusing;;;;;1
nuhoyir;to sleep;;;;;
nuhoyir;to slumber;;;;;
nuhoy;slumber;;;;;
nuhoy;sleep;;;;;
nuhoy;slept;;;;;
nuhur;good times;;;;;
nuhur;laughter;;;;;
nuhur;fun;w;;;;
nynir;to hit;;;;;
nynir;to strike;;;;;
nyn;hit;w;;;;
nyn;strike;;;;;
nyn'yc;struck;;;;;
ogir'olar;one way or the other;;;;;1
ogir'olar;either way;;;;;1
olarom;welcome;sen;;;;
olaror;to come;;;;;
olaror;to arrive;;;;;
olar;come;;;;;
olar'yc;came;;;;;
olar'la;coming;;;;;
olar;arrive;;;;;
olar;arriv;;;;;
onidir;to sweat;;;;;
onid;sweat;;;;;
or'dinii;moron;;;;;
or'dinii;fool;;;;;
orhaarir;to scan;;;;;
orhaar;scan;;;;;
orhaar;scann;;;;;
ori;big;;;;;
ori;extreme;;;;;
ori;very;;ap;;;
ori;very;ap;;;;
ori;very;;;;;
ori'beskaryc;hard case;;;;;1
ori'beskaryc;extremely tough;;;;;1
ori'beskaryc;no-nonsense;;;;;1
Ori'buyce;all helmet;;;;;1
kih'kovid;no head;;;;;1
ori'copaad;obsession;;;;;1
ori'copir;to obsess;;;;;1
ori'cop;obsess;;;;;1
ori'copaad;fixation;;;;;1
ori'haat;i swear;;;;;1
ori'haat;it is the truth;;;;;1
ori'haat;it's the truth;;;;;1
ori'jagyc;big man;;;;;1
ori'jagir;to bully;;;;;1
ori'jag;bully;;;;;1
ori'jag'yc;bullied;;;;;1
orilin;profit;;;;;1
orilin;surplus;;;;;1
orilin;excess;;;;;1
or'ilor;lunch;;;;;1
or'ilor;midday meal;;;;;1
ka'droten;knights;;;;;
k'ad;knight;;;;;
ori'ramikade;special forces;;;;;1
ori'ramikad;supercommando;;;;;1
ori'ramikad;super commando;;;;;1
ori'ramikad;elite unit;;;;;1
ori'shya;more than;;;;;1
ori'shya;more then;;;;;1
ori'skraan;delicacy;;;;;1
ori'skraan;real treat;;;;;1
ori'suumyc;beyond the pale;;;;;1
ori'suumyc;outrageous;;;;;1
ori'suumyc;one step to far;;;;;1
oritsir;to curse;;;;;
oritsir;to swear;;;;;
oritsir;to bellow;;;;;
orit;curse;;;;;
orit;curs;;;;;
orit;swear;;;;;
orit;bellow;;;;;
ori'vod;big brother;;;;;1
ori'vod;older brother;;;;;1
ori'vor'e;thanks a lot;;;;;1
orjorer;to shout;;;;;
orjor;shout;;;;;
oshokita;oshokita;;;;;
osik;dung;;;;;
osik'la;horrible;;;;;1
osik'la;screwed;;;;;1
Osi'kyr!;oh no!;ss;;;;1
osi'yaim;useless person;;;;;1
Oya;hoorah;ss;ss;ww;ww;1
Oya;let's hunt;ss;ss;ww;ww;1
Oya;stay alive;ss;ss;ww;ww;1
oya;go you;ss;ss;ww;ww;1
oya'karir;to hunt;;;;;1
oya'kar;hunt;;;;;1
oya'karir;to chase;;;;;1
oya'kar;chase;;;;;1
oya'kar;chas;;;;;1
oyayc ra kyrayc;dead or alive;;;;;1
paklalat;eloquence;;;;;1
paklalat;silver tongue;;;;;1
paklalat;gift of the gab;;;;;1
pakod;easy;;;;;
Pare sol;wait one;;;;;1
parjii;winner;;;;;1
parjii;victor;;;;;1
parjir;to win;;;;;
parj;win;;;;;
parj'yc;won;;;;;
parj'la;winning;;;;;
pel;soft;;;;;
pel;yielding;;;;;
peti'baar;center mass;;;;;1
pirpaak;broth;;;;;1
pirpaak;salted water;;;;;1
pirunir sur'haaise;pirunir sur'haaise;;;;;
ramaanla;mortal;;;;;1
ramaanla;fallible;;;;;1
ramikadyc;ramikadyc;;;;;
ram;besiege;;;;;
ram'ser;sniper;;;;;
ram'ser;marksman;;;;;
Rangir;to hell with it;;;;;1
raysh'olan;five hundred;;;;;1
redalur;to dance;;;;;
redal;dance;;;;;
redal;danc;;;;;
Resol'nare;six actions;;;;;1
ret;perhaps;;;;;
ret;maybe;;;;;
Ret';bye;;;w;w;1
Ret';see you;;;w;w;1
ret'lini;just in case;;;;;1
Ret'urcye mhi;good bye;;;;;1
Ret'urcye mhi;goodbye;;;;;1
Ret'urcye mhi;maybe we'll meet again;;;;;1
Ret'urcye mhi;maybe we will meet again;;;;;1
riduur;spouse;;;;;1
riduur;husband;;;;;1
riduur;wife;;;;;1
riduurok;marriage;;;;;1
riduurok;marriage agreement;;;;;1
riye;favor;;;;;
riye;benefit;;;;;
riye;good turn;;;;;
rohakar;rohakar;;;;;
rohak'yc;rohak'yc;;;;;
rohak'la;rohak'la;;;;;
rugam;sphere;;;;;
rugam;ball;;;;;
runi;soul;;;;;
rusur;land;;;;;
rusur;ship;;;;;
rusur;troops;;;;;
ruug;old age;;;;;
ruusaan;reliable one;;;;;
ruusaanyc;reliable;;;;;
ruusaanyc;trustworthy;;;;;
ruyot;the past;;;;;
ruyot;history;;;;;
sarad;flower;;;;;
sarad;bloom;;;;;
serim;accurate;;;;;
serim;correct;;;;;
serim;right;;;;;
sha ca'nara;when;;;;;1
sha ca';when;;ap;;;1
shabiir;screw up;;;;;
shab'rudur;shab'rudur;;;;;
shabuir;jerk;;;;;1
sha'kajir;cease-fire;;;;;
sha'kajir;truce;;;;;
shal;at;w;w;;;
sheber;to sit;;;;;
sheb'yc;sat;;;;;
sheb'la;sitting;;;;;
sheb'ika;butt;;;;;
shebs;backside;;;;;
shebs;ass;;;;;
shebs;rear;;;;;
shebs;buttocks;;;;;
sheb'urcyin;sycophant;;;;;1
sheb'urcyin;toady;;;;;1
she'eta'olan;five thousand;;;;;
shereshir;to kidnap;;;;;
sheresh;kidnap;;;;;
sheresh;kidnapp;;;;;
shereshir;to seize;;;;;
sheresh;seize;;;;;
sheresh;seiz;;;;;
shereshoy;shereshoy;;;;;
shi;just;;;;;
shi;only;;;;;
shig;beverage;;;;;
shok;beam;;;;;
shonar;wave;;;;;
sho'sen;submarine;;;;;1
sho'sen;submersible;;;;;1
shosenla;sunk;;;;;
shosenla;submerged;;;;;
shosenla;under water;;;;;
shukalar;to crush;;;;;
shukalar;to conquer;;;;;
shukal;crush;;;;;
shukal;conquer;;;;;
shukal;conque;;;;;
shuk;rift;;;;;
shuk;tear;;;;;
shuk'la;fragmented;;;;;
shuk'la;broken;;;;;
shuk'yc;not working;;;;;
shuner;flour;;;;;
shushai;sensor;;;;;
shu'shuk;screw-up;;;;;
skanah;skanah;;;;;
skira;revenge;;;;;
skira;feud;;;;;
skraan;grub;;;;;1
skraan'ikase;small eats;;;;;1
Slana'pir;get lost;;ss;;;1
solegot;computer;;;;;
solus;alone;;;;;
solus;vulnerable;;;;;
solus;each;;;;;
solus;one;;;;;
solus;united;;;;;
solus;as one;;;;;
Sooran;suck on that;;;;;1
Sooran;suck it;;;;;1
shab;chum;;;;;
sooranir;to suck;;;;;1
sooran;suck;;;;;1
sosol ti;equal with;;;;;
spirba;pass;;;;;
striil;striil;;;;;
striilir;to track;;;;;
striil;track;;;;;
su;still;;;;;
su;yet;;;;;
Su cuy'gar;hello;;;;;
Su cuy'gar;greetings;;;;;
Su cuy'gar;you're still alive;;;;;
Su cuy'gar;you are still alive;;;;;
sur'ar;to focus;;;;;
sur'ar;to concentrate;;;;;
sur;focus;;;;;
sur;concentrate;;;;;
sur;concentrat;;;;;
Suum ca'nara;Suum ca'nara;;;;;
taap;position;;;;;
tabalhar;to patrol;;;;;
tabal;patrol;;;;;
tabal;paroll;;;;;
takisir;to insult;;;;;
takis;insult;;;;;
tal'galar;to bleed;;;;;
tal'gal;bleed;;;;;
tal'gal'yc;bled;;;;;
tal'onid;tal'onid;;;;;
talyc;bloody;;;;;
tay'haai;reporter;;;;;
tay'haai;archivist;;;;;
Tayli'bac;got it;ss;ss;;;1
taylir;to hold;;;;;
taylir;to keep;;;;;
taylir;to preserve;;;;;
tayl;hold;;;;;
tayl;keep;;;;;
tayl;preserve;;;;;
tayl;preserv;;;;;
tayl'yc;held;;;;;
tayl'yc;kept;;;;;
tengaanar;to show;;;;;
tengaanar;to display;;;;;
tengaan;show;;;;;
tengaan;display;;;;;
tihaar;tihaar;;;;;
tiingilar;tiingilar;;;;;
Tion'ad;who;ww;;;;
tionas;puzzle;;;;;
Tion';who;ww;ap;;;
tionir;to interrogate;;;;;
tionir;to question;;;;;
tion;interrogate;;;;;
tion;interrogat;;;;;
tion;question;;;;;
Tion';how;;ap;;;
Tion'solet;how;;;;;
to;join;;;;;
to;connection;;;;;
tolase;system;;;;;
tome;together;;;;;
tra;space;;;;;
tra;void;;;;;
tra;star field;;;;;
traat'aliit;squad;;;;;
traat'aliit;team;;;;;
Traat'aliit gar besbe'trayc;The squad is your weapon;;;;;
Tra'cyar mav;fire at will;;;;;
tranyc;sunny;;;;;
tranyc;star-burned;;;;;
trattok'or;to fail;;;;;
trattok;fail;;;;;
trattok'or;to fall;;;;;
trattok;fall;;;;;
trattok'yc;fell;;;;;
trattok'or;to collapse;;;;;
trattok;collapse;;;;;
trattok;collaps;;;;;
tratur;staff;;;;;
troch;verily;;;;;
tsad;alliance;;;;;
tsad;group;;;;;
Tsad Droten;senate;;;;;1
Tsad Droten;assembly;;;;;1
tsikador;to prepare;;;;;
tsikad;prepare;;;;;
tsikad;prepar;;;;;
tsikala;ready;;;;;
udes;rest;;;;;
udes;leisure;;;;;
Udesii;take it easy;;ss;;;
Udesii;calm down;;ss;;;
udesiir;to relax;;;;;
udes;relax;;;;;
udesla;calm;;;;;
udesla;serene;;;;;
uj'alayi;uj'alayi;;;;;
uj'ayl;uj'ayl;;;;;
ukor b'ukor;when push comes to shove;;;;;
ukoror;to push;;;;;
ukoror;to shove;;;;;
ukor;push;;;;;
ukor;shove;;;;;
ukor;shov;;;;;
ulik;mount;;;;;
ulur;to care;;;;;
ul;care;;;;;
ulal;caring;;;;;
ul'yc;cared;;;;;
ulyc;careful;;;;;
urakto;difficult;;;;;
ures;without;;;;;
ures;lacking;;;;;
urmankalar;to believe;;;;;
urmankal;believe;;;;;
urmankal;believ;;;;;
Usen'ye;go away;ss;ss;;;1
utreekov;utreekov;;;;;
utrel'a;all clear;;;;;
utreyar;to clear;;;;;
utrey;clear;;;;;
uvete;worlds;;;;;
vaal;during;;;;;
vaal;while;;;;;
vaar;early;;;;;
vaar;undeveloped;;;;;
vaar;half-grown;;;;;
vaar'ika;runt;;;;;
vaar'ika;pip-squeak;;;;;
val;they;;;;;
val';their;ww;ap;;;
val;their;ww;;;;
val;theirs;;;;;
veman;real;;;;;
veman;genuine;;;;;
vencuyanir;to sustain;;;;;
vencuyan;sustain;;;;;
verborir;to hire;;;;;
verborir;to buy;;;;;
verbor;buy;;;;;
verbor;bought;ww;;;;
verbor;hire;;;;;
verbor;hir;;;;;
vercopa;dream;;;;;
Vercopa;I wish;;;;;
Vercopa;may this happen;;;;;1
vercopaanir;to hope;;;;;
vercopaanir;to wish;;;;;
vercopaan;hope;;;;;
vercopaan;hop;ww;;;;
vercopaan;wish;;;;;
verd;soldier;;;;;
verd;warrior;;;;;
verda;verda;;;;;
verd'ika;private;;;;;1
verd'ika;little soldier;;;;;1
verd'yc;aggressive;;;;;
ver'gebuir;bodyguard;;;;;
ver'gebuir;hired guardian;;;;;
veshok;veshok;;;;;
vheh;earth;;;;;
vheh;dust;;;;;
vheh;soil;;;;;
vheh'yaim;basha;;;;;1
vhekad;sand;;;;;
vhetin;fields;;;;;
vod;comrade;;;;;
Vor entye;i accept a debt;;;;;1
vu'traat;vu'traat;;;;;
waadas;credits;;;;;
waadas;wealth;;;;;
warra'se;warra nuts;;;;;1
Wayii;good grief;;ss;;;1
wer;eon;ww;ww;;;
Wer'cuy;forget it;ss;ss;;;
werda;darkness;;;;;
werdla;stealthy;;;;;
werdla;invisible;;;;;
werlaara;myth;;;;;1
yai;belly;;;;;
yai;womb;;;;;
yaim'la;comfortable;;;;;
yaim'la;familiar;;;;;
yaim'ol;homecoming;;;;;
yai'yai;richly nourishing;;;;;1
yaiyai'yc;bloated;;;;;
yaiyai'yc;satisfied;;;;;
yamika;room;;;;;
yamika;chamber;;;;;
yilad;array;;;;;
yustapir;river;;;;;
adate;persons;;;;;
al;but;w;w;w;w;1
aay'han;aay'han;;;;;
akalenedat;hard contact;;;;;1
adiik;child;;;;;1
ade;sons;;;w;w;1
ade;daughters;;;w;w;1
ade;children;;;w;w;1
a'den;wrath;;;;;1
a'den;rage;;;;;1
ad'ika;boy;;w;;;1
vod;sis;w;w;;;1
vod;bro;w;w;;;1
vod'ika;little sister;;;;;1
vod'ika;little brother;;;;;1
vod'ika;little sis;;;;;1
vod'ika;little bro;;;;;1
vod'ika;lil sis;w;w;;;1
vod'ika;lil bro;w;w;;;1
vod'ika;lil' sis;w;w;;;1
vod'ika;lil' bro;w;w;;;1
ad'ika;lad;w;w;;;1
ad'ika;girl;;w;;;1
ad'ika;guy;;w;;;1
adike;guys;;;;;1
adike;lads;;;;;1
adike;fellas;;;;;1
agol;meat;;;w;w;
agol;muscle;;;w;w;
agol;flesh;;;w;w;
akay;until;;;w;w;
kay;til;;;w;w;1
alii'gai;flag;;;;;1
aliik;sigil;;;w;w;1
aliik;emblem;;;w;w;1
aliit;clan name;;;w;w;1
aliit;clan;;;w;w;1
Aliit ori'shya tal'din;Family is more than blood;;;;;1
alor;leader;;;w;w;1
alor;chief;;;w;w;1
alor;officer;;;w;w;1
alor;constable;;;w;w;1
alor;boss;;;w;w;1
alor;head;;;w;w;1
aloriya;captial;;;;;1
aloriya;head city;;;;;1
anade;everyone;;;;;1
ani;total;;;w;w;
ani;complete;;;w;w;
anade;everybody;;;;;1
ara'novor;approach;;;;;1
ara'novor;block;;;;;1
ara'novor;stand in the way of;;;;;1
novor;in the way of;;;w;w;1
ara'novor;obstruct;;;;;1
ara'novor;blockade;;;;;1
arasuumir;to stagnate;;;;;1
arasuum;stagnat;;;;;1
arasuumir;to remain the same;;;;;1
arasuume;remains the same;;;;;1
arasuum;remain the same;;;;;1
arasuum'la;stagnant;;;;;1
arasuum'la;unchanging;;;;;1
aru'e;enemy;;;w;w;1
aru'ela;hostile;;;;;1
aruetii;traitor;;;;;1
aruetii;foreigner;;;;;1
aruetii;outsider;;;;;1
aruetiise;traitors;;;;;1
aruetiise;foreigners;;;;;1
aruetiise;outsiders;;;;;1
ash'ad;someone else;;;;;1
ash'amur;die;;;;;1
at;to;;;w;w;0
at;towards;;;w;w;0
atin;tenacious;;;w;w;1
atin;enduring;;;w;w;1
atin;stubborn;;;w;w;1
atiniir;to endure;;;;;1
atini;endure;;;;;1
atini;endur;;;;;1
baatir;to worry;;;;;1
baat;worry;;;;;1
baate;worries;;;;;1
baat'yc;worried;;;;;1
ba'balut;on patrol;;;;;1
Ba'gedet'ye;You're welcome;;;;;1
Ba'gedet'ye;don't mention it;;;;;1
bajur;education;;;;;1
ba'jurir;raise;;;;;1
ba'jurir;educate;;;;;1
bal'ban;indeed;;;;;1
bal'ban;definitely;;;;;1
bas neral;animal feed;;;;;1
ba'slanar;leave;;;;;1
ba'slanar;depart;;;;;1
ba'slanar;exit;;;;;1
batnor;on your back;;;;;1
batnor;on his back;;;;;1
batnor;on her back;;;;;1
batnore;on their back;;;;;1
batnor;drunk;;;;;1
ba'vodu;aunt;;;;;1
ba'vodu;uncle;;;;;1
ba'vodu'e;uncles;;;;;1
ba'vodu'e;aunts;;;;;1
be'chaaj;away;;;;;1
be'chaaj;afar;;;;;1
behot;behot;;;;;1
beroya;bounty hunter;;;;;1
besbe;kit;;;;;1
bes'bev;bes'bev;;;;;1
beskad;beskad;;;;;1
beskar;beskar;;;;;1
besom;lout;;;;;1
bes'uliik;basilisk war droid;;;;;1
betenor;to sigh;;;;;1
bev;needle;;;w;w;
bev;spike;;;w;w;
beviiragir;to fish;;;;;1
bic;it;w;w;w;w;1
bikadinir;stab;;;;;1
bines;stack;;;;;
birgaan;backpack;;;;;1
birgaan;back pack;;;;;1
birikad;baby carrying harness;;;;;1
boracyk;penniless;;;;;1
boracyk;broke;;;;;1
boracyk;unemployed;;;;;1
boracyk;between jobs;;;;;1
borarir;work;;;;;1
bral;hill fort;;;w;w;1
bral;high ground;;;w;w;1
bral;high defended position;;;w;w;1
bralir;succeed;;;;;1
bralir;get the upper hand;;;;;1
bralir;gets the upper hand;;;;;1
briikarir;defilade;;;;;1
briikasak;run-ashore;;;;;1
Briikase gote'tuur;happy birthday;;;;;1
brokar;beat;;;;;1
bui'tsad;family lineage;;;;;1
bui'tsad;lineage;;;;;1
burc'ya;friend;;;;;1
Burc'ya vaal burk'yc;friend during danger;;;;;1
burc'ya veman;true friend;;;;;1
burcyan;friendship;;;;;1
burcyan;comradeship;;;;;1
burcyan;close bond;;;;;1
buyca;bucket;;;;;1
buyca;pail;;;;;1
buy'ce gal;pint of ale;;;;;1
cabur;guardian;;;w;w;1
cabur;protector;;;w;w;1
ca'tra;night sky;;;w;w;1
ceratir;point;;;;;1
cetar;kneel;;;;;1
cetar'narir;cetar'narir;;;;;1
chaabar;to fear;;;;;1
chaavla;rough;;;;;1
chaavla;unruly;;;;;1
chaavla;criminal;;;;;1
chaavla sa shebs be'striili;rough as a strill's backside;;;;;1
chakaar;corspe robber;;;;;1
chakaar;thief;;;;;1
chakaar;petty criminal;;;;;1
chakaar;bandit;;;;;1
chakaar;robber;;;;;1
chakaar;low-life;;;;;1
chakaaryc;rotten;;;;;1
chakaaryc;evil;;;;;1
chakur;steal;;;;;1
chakur;rob;;;;;1
chayaikir;tease;;;;;1
chekar;chekar;;;;;1
cin vhetin;fresh start;;;;;1
cin vhetin;clean slate;;;;;1
cinargaanar;fence;;;;;1
cinargaanar;launder;;;;;1
cinarin;clean;;;;;1
Copaani mirshmure'cye;Are you looking for a smack in the face;;;;;1
copaanir;want;;;;;1
copikla;cute;;;;;1
copyc;appealing;;;;;1
cu'bikad;cu'bikad;;;;;
Cuy ogir'olar;It's irrelevant;;;;;1
Cuy ogir'olar;it doesn't matter;;;;;1
Cuy ogir'olar;It's not important;;;;;1
Cuy ogir'olar;It is irrelevant;;;;;1
Cuy ogir'olar;it does not matter;;;;;1
Cuy ogir'olar;It is not important;;;;;1
Cuy ogir'olar;doesn't matter;;;;;1
cuy;exist;;;w;w;1
cuy;is;w;w;w;w;1
cuyir;be;w;w;w;w;1
cyare;beloved;;;;;1
cyare;popular;;;;;1
cyare;loved;;;;;1
cyare'se;loved ones;;;;;1
cyar'ike;darlings;;;;;1
cyar'ika;darling;;;;;1
cyar'ika;little love;;;;;1
cyar'ika;sweetheart;;;;;1
cyar'tomad;fan;w;w;;;1
cyar'tomad;supporter;;;;;1
cyar'tomad;devotee;;;;;1
daab;down;;;w;w;1
dadita;dadita;;;;;1
dajunar;to plan;;;;;1
dajunar;to plot;;;;;1
dajun;plot;;;;;
dalab;scabbard;;;;;1
dalab;sheath;;;;;1
dar;gone;;;w;w;
dar;no longer;;;w;w;
dar;temporary ;;;w;w;
dar'buir;dar'buir;;;;;
dar'manda;dar'manda;;;;;
dar'tome;apart;;;;;1
dar'tome;secluded;;;;;1
dar'tome;separated;;;;;1
davaab;execute;;;;;1
dawoor;stench;;;;;1
daworir;stink;;;;;1
daworir;reek;;;;;1
demagolka;demagolka;;;;;
demar;carve;;;;;1
demar;sculpt;;;;;1
di'kut;idiot;;;;;1
di'kut;someone who forgets to put their pants on;;;;;1
di'kutla;useless;;;;;1
di'kutla;stupid;;;;;1
di'kutla;worthless;;;;;1
din'kartay;briefing;;;;;1
din'kartay;wash-up;;;;;1
din'kartay;sit-rep;;;;;1
dinuir;give;;;;;1
dirycir;lower;;;;;1
dirycir;put down;;;;;1
dola;throughout;;;w;w;
dola;pervading;;;w;w;
dola;soaked;;;w;w;1
doslanir;cross;;;;;1
doslanir;intersect;;;;;1
dral;bright;;;w;w;
dral;glowing;;;w;w;
dral;strong;;;w;w;
dral;powerful;;;w;w;
dralshy'a;stronger;;;w;w;1
dralshy'a;brighter;;;w;w;1
draluram;draluram;;;;;
drashaar;grow;;;;;1
duraan;duraan;;;;;
Duraani;You looking at me funny;;;;;1
burc'ya;pal;;;;;1
duraanir;scorn;;;;;1
duse;trash;;;w;w;1
duse;waste;w;w;w;w;1
duse;rubbish;;;w;w;1
duumir;to allow;w;;;;1
duum;allow ;;;w;w;1
duumyc;allowed;;;;;1
duumyc;approved;;;;;1
duumyc;permitted;;;;;1
duumyc;legal;;;;;1
echoy;search;;;;;1
echoy;mourn;;;;;1
echoy;grieve;;;;;1
echoy'la;mourning;;;;;1
echoy'la;searching;;;;;1
echoy'la;lost;;;;;1
echoy'la;grieving;;;;;1
echoylir;to grieve;w;;;;1
echoylir;to search;w;;;;1
echoylir;to mourn;w;;;;1
elek;yes;;;w;w;1
lek;yeah;;;w;w;1
emuurir;to like;;;;;1
emuurir;to enjoy;;;;;1
emuur;like;w;w;;;1
emuur;enjoy;;;;;1
enteyor;must;;;;;1
epan;stomach;;;w;w;
eparavur;feast;;;;;1
eparavur;devour;;;;;1
epar'yaim;restaurant;;;;;1
epar'yaim;canteen;;;;;1
etyc;dirty;;;w;w;1
etyc;filthy;;;w;w;1
etyc;grimy;;;w;w;1
evaar;youth;;;;;1
evaar;newness;;;;;1
evaar'la;young;;;;;1
eyaytir;to flee;w;;;;1
eyaytir;to escape;w;;;;1
eyay;escap;;;;;1
eyay;fle;;;;;1
gaan'au;laser pointer;;;;;1
gaanayl;catch;;;;;1
gaanayl;trap;;;;;1
gaanaylir;to catch;w;w;;;1
gaanaylir;to trap;w;w;;;1
gaanynir;to punch;w;w;;;1
gaanyn;punch;w;w;;;1
gai;name;;;w;w;
gai;title;;;w;w;
gai bal manda;name and soul;;;;;1
gaid;plate;;;;;1
gal;ale;w;w;;;
gal;alcohol;;;;;
gal;booze;;;;;
gal;beer;;;;;
ori'skraan;big eats;;;;;1
riddur;good company;;;;;1
yaim' dab'ika;return to camp;;;;;1
galar;spill;;;w;;1
galar;pour;w;;w;;1
gal'gala;let me buy you a drink;;;;;1
gal'gala;have a drink;;;;;1
ganar;possess;;;w;w;1
gan;hav;w;;w;w;0
gar;you;w;;w;w;0
Gar serim;that's it;;;;;1
Gar serim;you're right;;;;;1
gar shuk meh kyrayc ;You're no use dead;;;;;1
gar shuk meh kyrayc ;You are no use dead;;;;;1
meh gar kyrayc shuk bah ni;You're no use to me dead;;;;;1
meh gar kyrayc shuk bah ni;You are no use to me dead;;;;;1
meh gar kyrayc, shuk bah ni;meh gar kyrayc, shuk bah ni;;;;;
Gar taldin ni jaonyc gar sa buir ori'wadaas'la;Nobody cares who your father was, only the father you'll be;;;;;1
Gar taldin ni jaonyc gar sa buir ori'wadaas'la;Nobody cares who your father was, only the father you will be;;;;;1
Gar taldin ni jaonyc gar sa buir ori'wadaas'la;Nobody cares who your father was only the father you'll be;;;;;1
Gar taldin ni jaonyc gar sa buir ori'wadaas'la;Nobody cares who your father was only the father you will be;;;;;1
Gar taldin ni jaonyc; gar sa buir, ori'wadaas'la;Gar taldin ni jaonyc; gar sa buir, ori'wadaas'la;;;;;
ge;almost;;;;;
gebbar;close to;;;;;1
gebbar;near to;;;;;1
gebi;close;;;w;w;1
gedetir;to plead;w;;;;1
gedetir;to beg;w;;;;1
gedet;plead;w;;;;1
gedet;beg;w;;;;1
gedin'la;almost insane;;;;;1
gedin'la;eccentric;;;;;1
gedin'la;cranky;;;;;1
gedin'la;in a mood;;;;;1
gedin'la;nearly insane;;;;;1
gehatyc;suspected;;;;;1
gehatyc;believed to be;;;;;1
gehatyc;alleged;;;;;1
ge'hutuun;scoundrel;;;;;1
ge'kaan;military exercise;;;;;1
ge'kaan;drill;;;;;1
gekyrdir;to incapacitate;;;;;1
gekyrdir;to knock out;;;;;1
gekyrd;incapacitat;;;;;1
gekyrd'la;knocked out;;;;;1
gekyrd'la;knocking out;;;;;1
gekyrde;knocks out;;;;;1
gekyrd;knock out;;;;;1
geroya;play;;;;;1
geroya;game;;;;;1
get'shuk;get'shuk;;;;;1
gett'se;nerve;;;;;1
gett'se;nuts;;;;;1
Gev;stop it;;;w;w;1
Gev;pack it in;;;w;w;1
gihaal;gihaal;;;;;
go'naasir;to waste;;;;;1
go'naasir;to squander;;;;;1
go'naas;waste;;;;;1
go'naas;wast;w;;;;1
go'naas;squander;;;;;1
goran;blacksmith;;;w;w;
goran;smith;;;w;w;
goran;metalworker;;;w;w;
gota;machine;;;w;w;
gota;device;;;w;w;
gotal'ur;make;;;;;1
gotal'ur;create;;;;;1
gotal;mak;w;;;;1
gotal;creat;w;;;;1
gotenir;give birth;;;;;1
gratiir;to punish;;;;;1
grat;punish;;;w;w;
haar;the;w;w;w;w;
haaranovor;hid;w;;;;1
haaranovor;hide;w;;;;1
haaranovor;conceal;;;;;1
Haar'chak;damn it;;;;;1
haashun;haashun;;;;;
haastal;scab;;;;;1
haastal;dried blood;;;;;1
haastal;dry blood;;;;;
Haat o'r an nuhune;there's truth in all jokes;;;;;1
Haat o'r an nuhune;there is truth in all jokes;;;;;1
Haat;truth;;;;;1
haa'it;vision;;;;;1
Haatyc or'arue jate'shya ori'sol aru'ike nuhaatyc;Better one big enemy that you can see than many small ones that you can't;;;;;1
Haatyc or'arue jate'shya ori'sol aru'ike nuhaatyc;Better one big enemy that you can see than many small ones that you can not;;;;;1
Haili cetare;fill your boots;;;;;1
Haili cetare;tuck in;;;;;1
hailir;to fill;;;;w;1
hail;fill;;;;;
haran;hell;w;w;w;w;1
haran;destruction;;;w;w;1
haran;annihilation;;;w;w;1
haran;cosmic annihilation;;;w;w;1
haryc b'aalyc;tired and emotional;;;;;1
hayc;plain;;;;;
hayc;honest;;;;;
hayc;simple;;;;;
hetikles;noseburn;;;;;1
hetikleyc;spicy;;;;;1
heturam;mouthpurn;;;;;1
hibir;pupil;;;;;
hibir;student;;;;;
hibir;apprentice;;;;;
hodar;deceive;;;;;
hodar;deceiv;;;;;
hodasalar;camouflage;;;;;1
hodasalar;cover up;;;;;1
hokaanir;to cut;;;;;1
hokaanir;to slice;;;;;1
hokaan;cut;;;;;1
hokaan;slice;;;;;1
hokaan;slic;w;;;;1
hokan'yc;sliced;;;;;1
hokan'yc;cut up;;;;;1
hukaatir;to cover;;;;;1
hukaat;cover;;;;;1
Hukaat'kama;watch my six;;;;;1
hut'uun;coward;;;;;1
hut'uun;deserter;;;;;1
hut'uun;craven;;;;;1
hut'uun;dastard;;;;;1
Iba';what a...;;;w;w;1
Iba';what a..;;;w;w;1
ibac;that;;;w;w;1
Ibac'ner;that's mine;;;;;1
Ibac'ner;that is mine;;;;;1
Ibac'ner;it's mine;;;;;1
Ibac'ner;it is mine;;;;;1
Ib'tuur jatne tuur ash'ad kyr'amur;Today is a good day for someone else to die;;;;;1
ik'aad;baby;;;;;1
iviin;speed;;;;;1
iviin;velocity;;;;;1
jagyc;mate;;;;;1
jagyc;macho;;;;;1
jahaala;well;;;;;1
jahaala;healthy;;;;;1
jahaal'got;health-giving;;;;;1
jahaal'got;nutritious;;;;;1
jahaal'got;good for you;;;;;1
jahaatir;jahaatir;;;;;
ja'hailir;to observe;;;;;1
ja'hailir;to watch;;;;;1
ja'hail;observe;;;;;1
ja'hail;observ;;;;;1
ja'hail;watch;;;;;1
jair;scream;;;w;;1
jair;shriek;;;w;;1
jare;kamikaze;;;w;w;
jare'la;asking for it;;;;;1
jare'la;got it coming;;;;;1
jare'la;have it coming;;;;;1
jare'la;having it coming;;;;;1
jareor;suicidally;;;;;1
jari'eyc;ugly;;;;;1
jari'eyc;ruined;;;;;1
jari'eyc;wrecked;;;;;1
jariler;to lay waste;;;;;1
jariler;to wreck;;;;;1
jaril;wreck;;;;;1
jarkiv;charisma;;;;;1
jarkiv;presence;;;;;1
jarkiv;aura;;;;;1
jaro;death wish;;;w;w;1
jat'ca'nara;good time;;;;;1
jat'ca'nara;in time;w;;;;1
jat'ca'nara;on time;w;;;;1
jat'ca'nara;punctual;;;;;1
jate'kara;good stars;;;;;
jate'kara;luck;;;;;1
jate'kar'yc;lucky;;;;;1
jate'kar'yc;lucki;;;;;1
jate'kara;fortune;;;;;1
jate'kar'yc;fortunate;;;;;1
jate'kara;destiny;;;;;1
jate'kara;force;;;;;1
jatne manda;good mood;;;;;1
Jatne vod;Jatne vod;;;;;
Jatnese be te jatnese;the best of the best;;;;;1
jehaat;lie;;;;;1
jehaat;untruth;;;;;1
jetiise;republic;;;;;1
jiila;immediate;;;;;1
jiila;right away;;;;;1
jiila;instant;;;;;1
jiriad;chalky;;;;;1
jiriad;ashen;;;;;1
jiriad;ashen-faced;;;;;1
johayc;spoken;;;;;1
johayc;pronounced;;;;;1
jorhaa'ir;to speak;;;;;1
jorhaa'ir;to talk;;;;;1
jorhaa;speak;;;;;1
jorhaa;talk;;;;;1
jorhaa'yc;spoke;;;;;1
jorir;to bear;;;;;1
jorir;to carry;;;;;1
jor;bear;;;w;w;
jor'yc;bore;;;w;w;1
jor;carry;;;w;w;1
jor'yc;carried;;;w;w;1
jorso'ran;shall bear;;;;;1
juaan;beside;;;;;1
juaan;next to;;;;;1
jurir;to bear arms;;;;;1
jur;bear arms;;;w;w;1
jure;bears arms;;;w;w;1
jur'yc;bore arms;;;;;1
jur'la;bearing arms;;;;;1
jurkad;attack;;;;;1
jurkad;assault;;;;;1
jurkad;threaten;;;;;1
jurkad;mess with;;;;;1
jurkad'yc;messed with;;;;;1
jurkad'la;messing with;;;;;1
jurkadir;to attack;;;;;1
jurkadir;to mess with;;;;;1
jurkadir;to threaten;;;;;1
jurkadir;to assault;;;;;1
kad;saber;;;w;w;1
kad;sword;;;w;w;1
kadala;wounded;;;;;1
kadala;hurt;;;;;1
kadiilir;to breach;;;;;1
kadiilir;to pierce;;;;;1
kadiil;breach;;;;;1
kadiil;pierce;;;;;1
kadiil;pierc;;;;;1
kajil;flat;;;;;1
kajil;level;;;;;1
kalikir;to skewer;;;;;1
kalik;skewer;;;;;1
kando;importance;;;w;w;1
kando;weight;;;w;w;1
kandosii;indomitable;;;;;1
kandosii;ruthless;;;;;1
Kandosii;well done;ss;ss;;;1
Kandosii;nice one;ss;ss;;;1
Kandosii;wicked;ss;ss;;;1
Kandosii;great;ss;ss;;;1
Kandosii;nice;ss;ss;;;1
Kandosii;good job;ss;ss;;;1
kandosii'la;stunning;;;;;1
kandosii'la;amazing;;;;;1
Ka'ra;stars;;;;;1
karbakar;star to star;;;;;1
karbakar;hyperdrive;;;;;1
kar'tayl;awareness;;;;;1
kar'tayl;knowledge;;;;;1
kar'tayl;perception;;;;;1
kar'taylir;to know;;;;;1
kar'tayl;know;;;;;1
kar'tayl'yc;knew;;;;;1
karyai;living room;;;;;1
K'atini;suck it up;;;;;1
K'atini;deal with it;;;;;1
K'atini;it's only pain;;;;;1
K'atini;it is only pain;;;;;1
K'atini;its only pain;;;;;1
kaysh;he;w;w;;;1
kaysh;he's;w;w;;;1
kaysh;he's a;w;w;;;1
kaysh;he is;w;w;;;1
kaysh;he's an;w;w;;;1
kaysh;he is a;w;w;;;1
kaysh;he is an;w;w;;;1
kaysh;him;w;w;;;1
kaysh;his;w;w;;;1
kaysh;she;w;w;;;1
kaysh;she's;w;w;;;1
kaysh;she is;w;w;;;1
kaysh;she's a;w;w;;;1
kaysh;she is a;w;w;;;1
kaysh;she's an;w;w;;;1
kaysh;she is an;w;w;;;1
kaysh;her;w;w;;;1
kaysh;hers;w;w;;;1
Kaysh guur' skraan;he loves his food;;;;;1
Kaysh meg miit'gaana, oyacyi;who writes, remains;;;;;1
Kaysh meg miit'gaana, oyacyi;who writes remains;;;;;1
oyacy;remain;;;;;1
miit'gaan;writ;w;;;;1
miit'gaana;write;w;;;;1
Kaysh mirsh solus;his brain cell is lonely;;;;;1
Kaysh mirsh solus;he's an idiot;;;;;1
Kaysh mirsh solus;he is an idiot;;;;;1
mirsh;wit;w;w;;;1
mirsh;wits;w;w;;;1
mirsh;brain;w;w;;;1
mirsh;brain cell;w;w;;;1
solus;lonely;;w;w;w;1
solus;lone;;w;w;w;1
mirsh'kyramud;boring me;;;;;1
shu'shuk;disaster;;;;;1
tayl'ud;taking a break;;;;;1
tayl'ud;having a nap;;;;;1
Ke serim;take aim;;;;;1
kebbur;to try;;;;;1
kebbur;to attempt;;;;;1
kebb;try;;;w;w;
kebb'yc;tried;;;;;
kebb;attempt;;;w;w;
kebii'tra;daytime;;;;;1
kebii'tra;sky;;;;;1
kebii'tra;blue sky;;;;;1
kebii;thing;;;;;1
kebise;things;;;;;1
kebise;stuff;;;;;1
kedin;chain of command;;;w;w;1
kedin;hierarchy;;;w;w;1
kedin;pecking order;;;w;w;1
ke'gyce;order;;;;;1
ke'gyce;command;;;;;1
keldab;citadel;;;;;1
keldab;stronghold;;;;;1
keldab;fort;;;;;1
keldab;bunker;;;;;1
keldab;fortification;;;;;1
Kih'parjai;no problem;ss;ss;;;1
Kih'parjai;small victory;;;;;1
kir'manir;to adopt;;;;;1
kir'man;adopt;;;;;1
K'olar;come here;;;;;1
K'olar;get over here;;;;;1
koor;deal;;;;;
koor;contract;;;;;
kote;glory;;;w;w;1
Kote lo'shebs'ul narit;You can keep your glory;;;;;1
kotir;to defeat;;;w;;
kotir;to overpower;;;w;;
kot;defeat;;;w;;
kot;overpower;;;w;;
kov'nynir;to head-butt;;;;;1
kov'nynir;to head butt;;;;;1
kov'nyn;head butt;;;;;1
kov'nyn;head-butt;;;;;1
K'oyacyi;cheers;;;;;1
K'oyacyi;stay alive;;;;;1
K'oyacyi;hang in there;;;;;1
K'oyacyi;come back safely;;;;;1
kranak;castle;;;;;1
kranak;fortress;;;;;1
kurshok;wooden plank;;;;;1
kurshok;plank of wood;;;;;1
kute;underwear;;;w;w;
kute;bodysuit;;;w;w;
kyor;rotting;;;w;w;
kyor;decay;;;w;w;
kyr'adir;to decease;;;;;1
kyr'adir;to pass way;;;;;1
kyr'adir;to kill;;;;;1
kyr'ad;decease;;;;;1
kyr'ad;deceas;;;;;1
kyr'ad;pass way;;;;;1
kyr'ad'la;passing way;;;;;1
kyr'ad'la;passed way;;;;;1
kyr'ad;kill;;;;;1
kyramla;fatal;;;;;1
kyramla;deadly;;;;;1
kyramud;killer;;;;;1
kyramud;assassin;;;;;1
kyr'bes;crown;;;;;1
kyr'bes;mythosaur skull;;;;;1
Kyr'tsad;death watch;;;;;1
Kyr'tsad;death society;;;;;1
laandur;fragile;;;;;1
laandur;delicate;;;;;1
larar;carous;;;w;;1
layari;overconfident;;;;;1
layar;swagger;;;w;;1
lenedat;target;;;;;1
aalar;feel;;;;;1
aaray;pain;;;;;1
abesh;east;;;;;1
abiik;air;w;;;;1
acyk;between;;;;;1
ad;daughter;;;w;w;1
ad;son;;;w;w;1
adade;personnel;;;;;1
adenn;merciless;;;;;1
ad'eta;twenty;;;;;1
aka;mission;;;w;w;
adol;through;;;w;w;
aikiyc;desperate;;;;;1
akaan;war;;;;;1
akaan'ade;army;;;;;1
akaanir;to fight;;;;;1
akaan;fight;;;;;
akaanir;to confront;;;;;1
akaan;confront;;;;;1
akaan'yc;fought;;;;;1
akaata;battalion;;;;;1
aliit;family;;;;;1
Alor;Chancellor;;;w;w;1
alor'ad;captain;;;;;1
alorir;to lead;;;;;1
alor;lead;;;w;w;1
alor'uus;corporal;;;;;1
al'verde;commander;;;;;1
am;change;;;w;w;
an;all;;;w;w;
anay';every;;ap;;;
anay';every;;;;;
aran;guard;;;;;
aranar;defend;;;;;1
araniik;cordon;;;;;1
aranov;defense;;;;;1
arasuum;stagnation,;;;;;1
arpat;seed;;;;;1
aruetyc;traitorous;;;;;1
ashi;other;;;;;
ast;itself;;;w;w;
ast'ehut;fat;;;;;1
atin'la;tough;;;;;1
baar;body;;;w;w;
baar'ur;medic;;;;;1
ba'buir;grandfather;;;;;1
ba'buir;grandmother;;;;;1
bal;and;;;;;
balac;opportunity;;;;;1
balyc;also;;;;;1
banar;happen;;;;;1
bantov;nevertheless;;;;;1
barycir;deploy;;;;;1
bat;on;;;;;
ba'yair;chew;;;;;1
be;of;;;;;
bes'bavar;cavalry;;;;;1
besbe'trayce;weapons;;;;;1
be'senaar;missile;;;;;1
beskar'ad;droid;;;;;1
beskar'gam;armor;;;;;1
beskaryc;armored;;;;;1
bes'laar;music;;;;;1
be'sol;priority;;;;;1
beten;sigh;;;;;1
beviin;lance;;;;;1
bevik;stick;;;;;1
bintar;both;;;;;1
bora;job;;;;;
bralov;success;;;;;1
brii'briik;grid;;;;;1
briik;line;;;;;1
briikase;happy;;;;;1
briirud;circle;;;;;1
bu'ad;grandchild;;;;;1
buir;father;;;;;1
buir;mother;;;;;1
buirkan;responsibility;;;;;1
burk'yc;dangerous;;;;;1
buruk;danger;;;;;1
burun;weather;;;;;1
buurenaar;storm;;;;;1
buyacir;recognize;;;;;1
buy'ce;helmet;;;;;1
buycika;cradle;;;;;1
ca;night;;;;;
cabuor;protect;;;;;1
ca'nara;time;;;;;1
can'gal;starfighter;;;;;1
carud;smoke;;;;;1
cerar;mountain;;;;;1
ceryc;pointed;;;;;1
cetare;boots;;;;;1
chaab;fear;;;;;1
chaaj;distance;;;;;1
chaaj;range;;;;;1
chaaj'yc;far;;;;;1
chaashya;further;;;;;1
chortav;street;;;;;1
choruk;stone;;;;;1
chur;under;;;;;
cin;white;;;;;
cin'ciri;snow;;;;;1
ciryc;cold;;;;;1
cuir;four;;;;;
copad;ambition;;;;;1
copad;desire;;;;;1
Coruscanta;Coruscant;;;;;1
cunak;square;;;;;1
cur'eta;forty;;;;;1
cuun';our;w;ap;;;1
cuun;our;w;;;;1
cuyan;survivor;;;;;1
cuyanir;survive;;;;;1
cuyete;probability;;;;;1
cuyla;probable;;;;;1
dajun;plan;;;;;1
dajun'la;planned;;;;;1
dala;woman;;;;;
dalyc;female;;;;;1
darasuum;eternal;;;;;1
darjetii;Sith;;;;;1
daryc;brown;;;;;1
dayn;out;;;w;w;
de;by;w;w;w;w;
debaan;declination;;;;;1
dha;dark;;;;;
dha'haase;screen;;;;;1
dha'werd;stealth;;;;;1
digur;forget;;;;;1
dinii;lunatic;;;;;1
dini'la;insane;;;;;1
dinui;gift;;;;;1
din'waadar;sell;;;;;1
diryc;low;;;;;1
dos;across;;;w;w;
draar;never;;;;;1
droten;people;;;;;1
du'car;late;;;;;1
dush;bad;;;;;
dushne;worst;;;;;
dush'shya;worse;;;;;1
ebin;either;;;;;1
edee;jaws;;;;;1
edee;teeth;;;;;1
edeemir;bite;;;;;1
eesu;gas;;;;;
ehn;three;;;;;
ehn'eta;thirty;;;;;1
ekur;to choke;;;;;
ek;choke;;;;;
ek;chok;;;;;
enaabe;meters;;;;;1
entye;debt;;;;;1
epar;eat;;;;;
eparavur takisit;apologise;;;;;1
eso;flank;;;w;w;
eso;side;;;;;
e'tad;seven;;;;;1
eyayah;echo;;;;;1
gaan;hand;;;;;
gaanader;choose;;;;;1
gaanla;chosen;;;;;1
Gaa'tayl!;Help!;;;;;1
gaa'taylir;to help;;;;;1
gaa'tayl;help;;;;;1
gadi;wrist;;;;;
gaht;north;;;;;
gaht'yc;polar;;;;;1
gaigotalur;designate;;;;;1
gai'ka;cup;;;;;1
galaar;hawk;;;;;1
gar';your;;ap;;;
gar;your;;;;;
gayi'kaab;radio;;;;;1
gayiyla;everywhere;;;;;1
gayiylir;to spread;;;;;1
gayiyl;spread;;;;;1
ge'catra;evening;;;;;1
Gedet'ye;Please;;;;;1
gehat'ik;story;;;;;1
gemas;hair;;;;;1
genet;gray;;;;;1
ge'sol;half;;;;;1
ge'soletar;estimate;;;;;1
ge'tal;red;;;;;1
ge'ver'alor;aide;;;;;1
ge'ver'alor;bagman;;;;;1
gi;fish;;;;;
goorar;to throw;;;;;
goor;throw;;;;;
goor'yc;threw;;;;;
goore;grenade;;;;;
goor'verd;grenadier;;;;;1
gotabor;engineer;;;;;1
gota'tuur;birthday;;;;;1
goten;birth;;;;;
goyust;road;;;;;1
gra'tua;vengeance;;;;;1
gra'tuar;avenge;;;;;1
haal;breath;;;;;
haalas;chest;;;;;1
haalur;breathe;;;;;1
haamyc;unusual;;;;;1
haast;dry;w;;;;
haa'taylir;see;;;;;1
haatyc;visible;;;;;1
haav;bed;;;;;
haavlaam;bunk;;;;;1
haranov;cache;;;;;1
haryc;tired;;;;;1
hettir;burn;;;;;1
hettyc;burning;;;;;1
hibirar;learn;;;;;1
hiibir;take;;;;;1
hodayc;cunning;;;;;1
hoshap;spoon;;;;;1
ibic;this;;;;;1
ibi'tuur;today;;;;;1
iisa;fuse;;;;;
ijaat;honor;;;;;1
irud;arm;;;;;
isirir;to taste;;;;;1
is;taste;;;w;;
is;tast;w;;w;;
iviin'yc;fast;;;;;1
jaal;numb;;;;;
jag;man;;;w;w;
jahaal;health;;;;;1
jai'galaar;shriek-hawk;;;;;1
jaon;over;;;;;
jaon'yc;important;;;;;1
jate;good;;;;;
jate;fine;w;w;;;
jate'shya;better;;;;;1
jatisyc;delicious;;;;;1
jatne;best;;;;;1
jatne emuurir;to prefer;;;;;1
jatne emuur;prefer;w;;;;1
jehavey'ir;to ambush;;;;;1
jehavey;ambush;;;;;1
jekai;bait;;;;;1
jenarar;feint;;;;;1
jetii;Jedi;;;;;1
jetii'kad;lightsaber;;;;;1
jii;now;;;;;
jilarud;disc;;;;;1
joha;language;;;;;1
jorad;voice;;;;;1
jorbe;reason;;;;;1
jorcu;because;;;;;1
jor'lekir;confirm;;;;;1
joruur;gather;;;;;1
kaab;sound;;;;;
kadale;casualties;;;;;1
kaden;angry;;;;;1
kad'la;sharp;;;;;1
ka'gaht;south;;;;;1
kai'tome;food;;;;;1
kajir;table;;;;;1
kakovidir;to cower;;;;;1
kakovid;cower;w;;;;1
kal;blade;;;w;w;1
kama;belt-spat;;;;;1
kaminii;Kaminoan;;;;;1
kar'ta;heart;;;;;1
kar'taylir darasuum;love;;;;;1
kebiin;blue;;;;;1
keenir;to infiltrate;;;;;1
keen;infiltrate;;;;;0
keen;infiltrat;;;;;0
kelita;moat;;;;;1
kemir;to walk;;;;;1
kem;walk;w;;;;0
Ke'mot;Halt;;;;;1
Ke'sush;Attention;;;;;1
kih;small;;;;;
kisol;few;;;;;1
kles;nose;;;;;1
klesir;smell;;;;;1
kom'rk;gauntlet;;;;;1
kot;strength;;;w;w;
kotep;brave;;;;;1
kurs;forest;;;;;
kurshi;tree;;;;;1
K'uur;Hush;;;;;
kyr;end;w;w;w;w;
kyr'ad;corpse;;;;;1
kyr'am;death;;;;;1
kyrbej;battlefield;;;;;1
kyr'vhetine;harvest;;;;;1
kyr'yc;last;;;;;1
shal'kyrc;eventually;;;;;1
shal'kyrc;finally;;;;;1
laam;up;;;;;
laamyc;high;;;;;1
laar;song;;;;;1
laaran;singing;;;;;1
laararir;sing;;;;;1
lalat;tongue;;;;;1
la'mun;azimuth;;;;;1
lo;into;w;w;w;w;
lonar;insertion;;;;;1
lor'vram;breakfast;;;;;1
lovik;knee;;;;;1
luubid;enough;;;;;1
majyc;extra;;;;;1
majycir;to add;;;;;1
majyc;add;w;;;;1
marekar;navigation;;;;;1
marev;fist;;;;;1
mashukir;to disperse;;;;;1
mashuk;disperse;;;;;1
mashuk;dispers;;;;;1
mav;free;;;;;
mayen;anything;;;;;1
meh;if;w;w;w;w;
me'sen;starship;;;;;1
mesh'la;beautiful;;;;;1
meshurok;gemstone;;;;;1
me'suum;planet;;;;;1
me'suum'ika;moon;;;;;1
mhi;us;w;w;;;
mhi;we;w;w;;;
miit;word;;;;;1
miit'gaanar;write;;;;;1
mircin;cage;;;;;1
mirci't;prisoner;;;;;1
mir'sheb;smartass;;;;;1
mirshko;courage;;;;;1
mishuk;pressure;;;;;1
motir;stand;;;;;1
munad;elevation;;;;;1
munad;height;;;;;1
muninar;tall;;;;;1
munit;long;;;;;1
muun;hard;;;;;
naak;peace;;;;;1
naakla;peaceful;;;;;1
naas;nothing;;;;;1
naasade;nobody;;;;;1
naast;destroyer;;;;;1
naastar;destroy;;;;;1
nad'aai;infrared;;;;;1
nadala;hot;;;;;1
nakil;corner;;;;;1
narser;purpose;;;;;1
naumiit;signal;;;;;1
nau'ul;candlelight;;;;;1
ne'kaan;non-combatant;;;;;1
neral;grain;;;;;1
ne'tra;black;;;;;1
neverd;civilian;;;;;1
norac;back;;;;;
nu'amyc;normal;;;;;1
nuhun;joke;;;;;1
nuhunar;laugh;;;;;1
nushaad'la;motionless;;;;;1
ogir;there;;;;;1
olan;hundred;;;;;1
olar;here;;;;;1
ol'averde;company;;;;;1
o'r;in;w;w;;;
orar;thunder;;;;;1
oribru;emergency;;;;;1
ori'gehaat'ik;epic;;;;;1
ori'jate;excellent;;;;;1
orikih;tiny;;;;;1
ori'sol;many;;;;;1
ori'tsad;brigade;;;;;1
oriya;city;;;;;1
oriyala;urban;;;;;1
or'parguur;hate;;;;;1
or'trikar;grief;;;;;1
oyacyir;live;;;;;1
oya'la;living;;;;;1
oyayc;alive;;;;;1
oyu'baat;universe;;;;;1
oyula;galactic;;;;;1
paak;salt;;;;;
paguur;dislike;;;;;1
palon;hole;;;;;1
papurgaat;fruit;;;;;1
papuur'gal;wine;;;;;1
par;for;w;w;w;w;
parer;wait;;;;;1
parjai;victory;;;;;1
par'jila;triumphant;;;;;1
partaylir;remember;;;;;1
paru;formation;;;;;1
payt;left;;;;;1
pehir;spit;;;;;1
pel'gam;skin;;;;;1
pelkaanir;shave;;;;;1
petir;center;;;;;1
pirebu;near;;;;;1
pir'ekulor;weep;;;;;1
pirimmur;use;w;w;;;1
pirimmuy;useful;;;;;1
pirimpir;urine;;;;;1
pirun;water;;;;;1
pirur;drink;;;;;1
piryc;wet;;;;;1
pitat;rain;;;;;1
projor;next;;;;;1
prudii;shadow;;;;;1
prudiise;shadows;;;;;1
puut'la;ballistic;;;;;1
ra;or;w;w;w;w;
racin;pale;;;;;1
ram'ika;raid;;;;;1
ramikad;commando;;;;;1
ramorla;besieged;;;;;1
rang;ash;;;;;1
ranov'la;secret;;;;;1
ratiin;always;;;;;1
rayshe'a;five;;;;;1
ray'ture;week;;;;;1
rejorhaa'ir;tell;;;;;1
resol;six;;;;;1
ret'yc;possible;;;;;1
rol'eta;sixty;;;;;1
rud;around;;;;;
ruug'la;old;;;;;1
ruus;rock;;;;;1
ruusaar;foundation;;;;;1
ruus'alor;sergeant;;;;;1
sakagal;X-wing;;;;;1
sal;color;;;;;
sapanyc;electromagnetic;;;;;1
saviin;violet;;;;;1
senaar;bird;;;;;1
sen'tra;jetpack;;;;;1
shaap;wood;;;;;1
shaap'yc;wooden;;;;;1
sharal;lazy;;;;;1
she'cu;nine;;;;;1
she'eta;fifty;;;;;1
sh'ehn;eight;;;;;1
shehn'eta;eighty;;;;;1
shekemir;follow;;;;;1
shek'eta;ninety;;;;;1
shev'la;silent;;;;;1
shiib;thin;;;;;1
shi'yayc;yellow;;;;;1
sho'cye;ocean;;;;;1
shokita;shelf;;;;;1
shuk'la riduurok;divorce;;;;;1
shuk'orok;crushgaunt;;;;;1
shukur;break;;;;;1
shuner;bread;;;;;1
shupur;injury;;;;;1
shupur'yc;injured;;;;;1
shupuur;injure;;;;;1
simir;year;;;;;1
sim'olan;century;;;;;1
sirbur;say;;;;;1
siver;degree;;;;;1
skotah;short;;;;;1
slaat;mud;;;;;
slanar;go;w;w;;;1
soletar;to count;;;;;
solet;count;;;;;
solus;individual;;;;;1
sol'yc;first;;;;;1
staabi;staabi;;;;;
Su'cuy;Hi;w;w;;;1
Su'cuy;hey;w;;;;1
sur'gaan;picture;;;;;1
sur'haai;eye;;;;;1
sushir;to listen;;;;;
sush;listen;;;;;
susulur;to hear;;;;;
susul;hear;;;;;
susul'yc;heard;;;;;
suum;beyond;;;;;
suumpir;lake;;;;;1
suvarir;understand;;;;;1
taab;foot;;;;;
taabir;march;;;;;1
taakur;bone;;;;;1
taap;location;;;;;
ta'ayl;jailer;;;;;1
t'ad;two;;;;;
tad'eta;seventy;;;;;1
tal;blood;;;w;w;
tal'din;bloodline;;;;;1
ta'raysh;ten;;;;;1
ta'raysh solus;eleven;;;;;1
ta'raysholan;thousand;;;;;1
tatugir;repeat;;;;;1
tayat;storage;;;;;1
tebec;ammunition;;;;;1
tegaanalir;rescue;;;;;1
teh;from;w;w;w;w;
tenn;open;;;;;
teroch;pitiless;;;;;1
tettar;kick;;;;;1
ti;with;w;w;w;w;
tigaanur;touch;;;;;1
tiin'la;coarse;;;;;1
tion'jor;why;;;;;1
tok'kad;retreat;;;;;1
to'kursh;orchard;;;;;1
tomad;ally;;;;;
tome'tayl;memory;;;;;1
tom'urcir;converge;;;;;1
tomyc;joint;;;;;1
tom'yc;allied;;;;;1
tor;justice;;;w;w;
traatika;platoon;;;;;1
tracinya;flame;;;;;1
tracyaat;artillery;;;;;1
tracyn;fire;;;;;1
tracy'uur;blaster;;;;;1
trat'aab;infantry;;;;;1
trat'ade;forces;;;;;1
trikar;sadness;;;;;1
trikar'la;sad;;;;;1
troan;face;;;;;
tug'yc;again;;;;;1
tuur;day;;;;;1
ulur;detect;;;;;1
umaan;umaan;;;;;
uram;mouth;;;;;1
urcir;to meet;;;;;
urc;meet;;;;;
urc'yc;met;;;;;
ut'reeyah;empty;;;;;1
utyc;slimy;;;;;
uur;silence;;;;;
vaar'tur;morning;;;;;1
vaii;where;;;;;
vaii'la;directional;;;;;1
veeray;area;;;;;1
vencuyot;future;;;;;1
ver'alor;lieutenant;;;;;1
verburyc;loyal;;;;;1
verde;soldiers;;;;;
veriduur;courtesan;;;;;1
ver'mircit;hostage;;;;;1
ver'verd;mercenary;;;;;1
ve'vut;gold;;;;;1
vhekadla;sandy;;;;;1
vhekaj;map;;;;;1
vhett;farmer;;;;;1
vhipir;mist;;;;;1
videk;neck;;;;;1
viinir;run;;;;;1
vode;brothers and sisters;;;w;w;1
vode;brother and sister;;;w;w;1
vode;siblings;;;w;w;1
vod;brother;;;w;w;1
vod;sibling;;;w;w;1
vod;sister;;;w;w;1
Vor'e;Thanks;;;w;w;1
vorer;to accept;;;;;
vor;accept;;;;;
vorpan;green;;;;;1
vorpan'oy;vegetation;;;;;1
vutyc;special;;;;;1
waadasla;valuable;;;;;1
wasuur;west;;;;;1
woor;wind;;;;;1
ya'gai;bowl;;;;;1
yaihadla;pregnant;;;;;1
yaihi'l;full;;;;;1
yaim;home;;;;;
yaimi;neighbor;;;;;1
yaimpar;return;;;;;1
yustarud;perimeter;;;;;1
ashnar;someone has;;;;;1
ash';some;;ap;;;1
ash';some;;;;;1
'oy;ation;;;;;
e;'s;;;;;
me';what;w;ap;w;;1
ni;i'm;;;w;w;1
ni;i;w;w;w;w;1
in;a;w;w;;;
o'a;a;;;;;
o;a;w;;;;
uu;ou;;;;;
a;e;;;;;
y;i;;;;;
e;o;;;;;
oh;oo;;;;;
hu;u;;;;;
e;ar;;;;;
'a;ie;;;;;
is;er;;;;;
ii;or;;w;;;
iise;ors;;w;;;
t;dd;;;;;
j;b;;;;;
i;as;;;;;
am;c;;;;;
p;k;;;;;
b;d;;;;;
vh;f;;;;;
l;g;;;;;
t;h;;;;;
v;j;;;;;
n;l;;;;;
le;wn;;;;;
be;nd;;;;;
ena;im;w;;;;
dra;le;;;;;
g;m;;;;;
c;n;;;;;
q;p;;;;;
a'r;r;;;;;
ly;re;;;;;
ku;ord;;;;;
a;r;;w;;;
r;s;;;;;
e;s;;w;;;
ur;t;;;;;
j;v;;;;;
h;w;;;;;
ad;y;;;;;
ise;ers;;;;;
';x;;;;;
';z;;;;;
b;ll;;;;;
'o;ee;;;;;
'yc;ed;;;;;
go;bl;;;;;
lo;cl;;;;;
'a;fl;;;;;
k';gl;;;;;
he';xpl;;;;;
h';pl;;;;;
ho'a;pla;;;;;
iin;br;;;;;
r;cr;;;;;
ub;dr;;;;;
ad;ian;;;;;
ade;ians;;;;;
ap;fr;w;;;;
ad;gr;;;;;
a;pr;;;;;
ce;tr;;;;;
ur;sk;;;;;
o;sl;;;;;
kr;sp;;;;;
ma;st;;;;;
r;sw;;;;;
p;spr;;;;;
be;str;;;;;
t;ao;;;;;
o';ch;;;;;
o;ch;;w;;;
'u;rr;;;;;
po;sh;;;;;
k;th;;;;;
a;d;;w;;;
ka;wh;;;;;
j;ng;;;;;
oa;nk;;;;;
po;oi;;;;;
l;ow;;;;;
ir;ey;;;;;
re;aw;;;;;
j;zh;;;;;
id;gh;;;;;
ya;ty;;;;;
or;ion;;;;;
osi;use;;;;;
ne;un;w;;;;
aye;ites;;;;;
ay;ite;;;;;
'la;ing;;;;;
sik;ung;;;;;
urc;ver;;;;;
ya;ler;;;;;
kad;tch;;;;;
